Parameter,RelativeError,SatisfiedClauses,AvgUnsatisfiedClauses,MaxUnsatisfiedClauses,Time
25,0.04899000625518986,0,4.873200675647839,11.4,29.56470588235294
50,0.03541881865323508,0,4.1769140429785105,8.4,57.22941176470588
100,0.029945029044414935,0,3.703017543859649,7.2,137.9823529411765
200,0.026764251214719287,0,3.3659393939393936,7.4,409.064705882353
